sample,ref,T_C,T_K,log10fO2,fO2,SiO2,TiO2,Al2O3,FeO,MgO,CaO,Na2O,K2O,P2O5,log10Fe3Fe2,Fe3Fe2
DAF-5,b2013,1502,1775.15,-0.68,0.208929613,0.4668,0.0002,0.0851,0.0753,0.1393,0.2333,0.0000,0.0000,0.0000,0.271,1.867
DAFT10-5,b2013,1502,1775.15,-0.68,0.208929613,0.4334,0.0724,0.0782,0.0744,0.1275,0.2141,0.0000,0.0000,0.0000,0.242,1.744
DAFT20-5,b2013,1502,1775.15,-0.68,0.208929613,0.3852,0.1605,0.0694,0.0792,0.1145,0.1911,0.0000,0.0000,0.0000,0.221,1.665
DAFT30-5,b2013,1502,1775.15,-0.68,0.208929613,0.3430,0.2382,0.0625,0.0813,0.1025,0.1724,0.0000,0.0000,0.0000,0.204,1.600
DAFS-5,b2013,1502,1775.15,-0.68,0.208929613,0.6784,0.0001,0.0457,0.0770,0.0736,0.1252,0.0000,0.0000,0.0000,0.154,1.424
DAFST15-5,b2013,1502,1775.15,-0.68,0.208929613,0.5985,0.1145,0.0392,0.0751,0.0640,0.1087,0.0000,0.0000,0.0000,0.104,1.270
DAFST25-5,b2013,1502,1775.15,-0.68,0.208929613,0.5292,0.2027,0.0348,0.0797,0.0562,0.0974,0.0000,0.0000,0.0000,0.077,1.194
DAF-6,b2013,1503,1776.15,-0.68,0.208929613,0.4661,0.0002,0.0852,0.0746,0.1393,0.2346,0.0000,0.0000,0.0000,0.279,1.903
DAFS-6,b2013,1503,1776.15,-0.68,0.208929613,0.6823,0.0001,0.0458,0.0743,0.0734,0.1241,0.0000,0.0000,0.0000,0.147,1.403
DAF-7,b2013,1503,1776.15,-0.68,0.208929613,0.4666,0.0001,0.0849,0.0745,0.1388,0.2351,0.0000,0.0000,0.0000,0.286,1.934
DAFS-7,b2013,1503,1776.15,-0.68,0.208929613,0.6854,0.0000,0.0451,0.0727,0.0738,0.1230,0.0000,0.0000,0.0000,0.143,1.390
DAF-9,b2013,1501,1774.15,-0.68,0.208929613,0.4652,0.0001,0.0854,0.0761,0.1390,0.2343,0.0000,0.0000,0.0000,0.271,1.867
DAFS-9,b2013,1501,1774.15,-0.68,0.208929613,0.6599,0.0000,0.0473,0.0836,0.0790,0.1302,0.0000,0.0000,0.0000,0.150,1.413
DAF-10,b2013,1451,1724.15,-0.68,0.208929613,0.4659,0.0002,0.0857,0.0738,0.1383,0.2361,0.0000,0.0000,0.0000,0.405,2.543
DAFT10-10,b2013,1451,1724.15,-0.68,0.208929613,0.4287,0.0765,0.0778,0.0754,0.1280,0.2136,0.0000,0.0000,0.0000,0.387,2.437
DAFT20-10,b2013,1451,1724.15,-0.68,0.208929613,0.3840,0.1607,0.0699,0.0780,0.1142,0.1932,0.0000,0.0000,0.0000,0.358,2.278
DAFT30-10,b2013,1451,1724.15,-0.68,0.208929613,0.3416,0.2402,0.0621,0.0802,0.1026,0.1734,0.0000,0.0000,0.0000,0.328,2.127
DAFS-10,b2013,1451,1724.15,-0.68,0.208929613,0.6762,0.0001,0.0468,0.0741,0.0755,0.1273,0.0000,0.0000,0.0000,0.273,1.876
DAFST15-10,b2013,1451,1724.15,-0.68,0.208929613,0.5897,0.1175,0.0404,0.0760,0.0659,0.1105,0.0000,0.0000,0.0000,0.239,1.732
DAFST25-10,b2013,1451,1724.15,-0.68,0.208929613,0.5094,0.2114,0.0365,0.0818,0.0587,0.1022,0.0000,0.0000,0.0000,0.209,1.619
DAF-13,b2013,1400,1673.15,-0.68,0.208929613,0.4668,0.0002,0.0852,0.0735,0.1392,0.2351,0.0000,0.0000,0.0000,0.503,3.183
DAFT10-13,b2013,1400,1673.15,-0.68,0.208929613,0.4329,0.0730,0.0783,0.0744,0.1272,0.2142,0.0000,0.0000,0.0000,0.477,2.996
DAFT20-13,b2013,1400,1673.15,-0.68,0.208929613,0.3842,0.1615,0.0694,0.0784,0.1140,0.1926,0.0000,0.0000,0.0000,0.437,2.738
DAFT30-13,b2013,1400,1673.15,-0.68,0.208929613,0.3407,0.2419,0.0622,0.0815,0.1016,0.1720,0.0000,0.0000,0.0000,0.406,2.548
DAF-30,b2013,1451,1724.15,-0.68,0.208929613,0.4619,0.0000,0.0845,0.0749,0.1443,0.2319,0.0000,0.0000,0.0025,0.364,2.311
DAFP05-30,b2013,1451,1724.15,-0.68,0.208929613,0.4501,0.0000,0.0824,0.0766,0.1413,0.2256,0.0000,0.0000,0.0241,0.270,1.864
DAFP10-30,b2013,1451,1724.15,-0.68,0.208929613,0.4389,0.0000,0.0802,0.0786,0.1360,0.2185,0.0000,0.0000,0.0478,0.169,1.475
DAFP15-30,b2013,1451,1724.15,-0.68,0.208929613,0.4257,0.0000,0.0783,0.0817,0.1316,0.2113,0.0000,0.0000,0.0714,0.072,1.181
DAFP20-30,b2013,1451,1724.15,-0.68,0.208929613,0.4187,0.0000,0.0764,0.0832,0.1256,0.2030,0.0000,0.0000,0.0931,-0.009,0.980
DAF-28,b2013,1501,1774.15,-0.68,0.208929613,0.4630,0.0000,0.0849,0.0741,0.1442,0.2324,0.0000,0.0000,0.0013,0.283,1.917
DAFP05-28,b2013,1501,1774.15,-0.68,0.208929613,0.4521,0.0000,0.0826,0.0763,0.1399,0.2253,0.0000,0.0000,0.0237,0.191,1.554
DAFP10-28,b2013,1501,1774.15,-0.68,0.208929613,0.4384,0.0000,0.0802,0.0788,0.1365,0.2180,0.0000,0.0000,0.0480,0.091,1.233
DAFP15-28,b2013,1501,1774.15,-0.68,0.208929613,0.4260,0.0000,0.0785,0.0808,0.1314,0.2101,0.0000,0.0000,0.0732,-0.003,0.993
DAFP20-28,b2013,1501,1774.15,-0.68,0.208929613,0.4111,0.0000,0.0757,0.0830,0.1268,0.2039,0.0000,0.0000,0.0995,-0.084,0.825
DAFSP08-39,b2013,1501,1774.15,-0.68,0.208929613,0.5422,0.0000,0.0636,0.0784,0.1074,0.1722,0.0000,0.0000,0.0361,0.054,1.132
DAFSP08-40,b2013,1502,1775.15,-0.68,0.208929613,0.5417,0.0000,0.0639,0.0789,0.1078,0.1729,0.0000,0.0000,0.0348,0.062,1.154
DAFSP08-42,b2013,1502,1775.15,-0.68,0.208929613,0.5442,0.0000,0.0641,0.0774,0.1079,0.1743,0.0000,0.0000,0.0320,0.069,1.171
DAF-33,b2013,1552,1825.15,-0.68,0.208929613,0.4630,0.0000,0.0852,0.0730,0.1442,0.2331,0.0000,0.0000,0.0015,0.201,1.590
DAFP05-33,b2013,1552,1825.15,-0.68,0.208929613,0.4511,0.0000,0.0828,0.0762,0.1407,0.2257,0.0000,0.0000,0.0234,0.112,1.294
DAFP10-33,b2013,1552,1825.15,-0.68,0.208929613,0.4379,0.0000,0.0805,0.0784,0.1367,0.2187,0.0000,0.0000,0.0478,0.009,1.022
DAFP15-33,b2013,1552,1825.15,-0.68,0.208929613,0.4256,0.0000,0.0786,0.0814,0.1311,0.2104,0.0000,0.0000,0.0729,-0.082,0.828
DAFP20-33,b2013,1552,1825.15,-0.68,0.208929613,0.4177,0.0000,0.0770,0.0835,0.1243,0.2009,0.0000,0.0000,0.0965,-0.160,0.691
DAFSP08-41,b2013,1552,1825.15,-0.68,0.208929613,0.5436,0.0000,0.0633,0.0786,0.1071,0.1719,0.0000,0.0000,0.0355,-0.006,0.986
DAF-52,b2015,1450,1723.15,-0.68,0.208929613,0.4672,0.0000,0.0844,0.0759,0.1387,0.2339,0.0000,0.0000,0.0000,0.382,2.412
DAFA22-52,b2015,1450,1723.15,-0.68,0.208929613,0.4376,0.0000,0.1371,0.0783,0.1292,0.2178,0.0000,0.0000,0.0000,0.359,2.285
DAFA30-52,b2015,1450,1723.15,-0.68,0.208929613,0.4126,0.0000,0.1873,0.0832,0.1110,0.2059,0.0000,0.0000,0.0000,0.352,2.251
DAFS-52,b2015,1450,1723.15,-0.68,0.208929613,0.6625,0.0000,0.0480,0.0801,0.0783,0.1311,0.0000,0.0000,0.0000,0.259,1.815
DAFSA15-52,b2015,1450,1723.15,-0.68,0.208929613,0.6410,0.0000,0.0933,0.0787,0.0689,0.1181,0.0000,0.0000,0.0000,0.173,1.491
DAFSA23-52,b2015,1450,1723.15,-0.68,0.208929613,0.5980,0.0000,0.1447,0.0824,0.0644,0.1105,0.0000,0.0000,0.0000,0.053,1.129
DAF-51,b2015,1501,1774.15,-0.68,0.208929613,0.4694,0.0000,0.0848,0.0756,0.1368,0.2334,0.0000,0.0000,0.0000,0.306,2.022
DAFA22-51,b2015,1501,1774.15,-0.68,0.208929613,0.4387,0.0000,0.1369,0.0783,0.1284,0.2177,0.0000,0.0000,0.0000,0.276,1.888
DAFA30-51,b2015,1501,1774.15,-0.68,0.208929613,0.4046,0.0000,0.1925,0.0846,0.1169,0.2015,0.0000,0.0000,0.0000,0.272,1.869
DAFS-51,b2015,1501,1774.15,-0.68,0.208929613,0.6798,0.0000,0.0458,0.0758,0.0737,0.1249,0.0000,0.0000,0.0000,0.185,1.530
DAFSA15-51,b2015,1501,1774.15,-0.68,0.208929613,0.6428,0.0000,0.0941,0.0776,0.0685,0.1171,0.0000,0.0000,0.0000,0.089,1.228
DAFSA23-51,b2015,1501,1774.15,-0.68,0.208929613,0.5997,0.0000,0.1448,0.0811,0.0642,0.1102,0.0000,0.0000,0.0000,-0.026,0.941
DAF-53,b2015,1551,1824.15,-0.68,0.208929613,0.4671,0.0000,0.0845,0.0784,0.1372,0.2328,0.0000,0.0000,0.0000,0.236,1.724
DAFA22-53,b2015,1551,1824.15,-0.68,0.208929613,0.4401,0.0000,0.1370,0.0767,0.1276,0.2186,0.0000,0.0000,0.0000,0.222,1.668
DAFA30-53,b2015,1551,1824.15,-0.68,0.208929613,0.4030,0.0000,0.1940,0.0834,0.1179,0.2017,0.0000,0.0000,0.0000,0.208,1.615
DAFS-53,b2015,1551,1824.15,-0.68,0.208929613,0.6764,0.0000,0.0458,0.0776,0.0743,0.1259,0.0000,0.0000,0.0000,0.081,1.205
DAFSA15-53,b2015,1551,1824.15,-0.68,0.208929613,0.6412,0.0000,0.0933,0.0778,0.0698,0.1180,0.0000,0.0000,0.0000,-0.001,0.997
DAFSA23-53,b2015,1551,1824.15,-0.68,0.208929613,0.5975,0.0000,0.1460,0.0808,0.0651,0.1106,0.0000,0.0000,0.0000,-0.088,0.817
DAFOL20-63,b2015,1450,1723.15,-0.68,0.208929613,0.4416,0.0000,0.0706,0.0707,0.2217,0.1955,0.0000,0.0000,0.0000,0.407,2.554
DAFOL20-57,b2015,1501,1774.15,-0.68,0.208929613,0.4429,0.0000,0.0704,0.0729,0.2196,0.1942,0.0000,0.0000,0.0000,0.324,2.110
DAFOL20-59,b2015,1550,1823.15,-0.68,0.208929613,0.4458,0.0000,0.0710,0.0693,0.2185,0.1954,0.0000,0.0000,0.0000,0.244,1.755
DAFOL40-63,b2015,1450,1723.15,-0.68,0.208929613,0.4220,0.0000,0.0576,0.0687,0.2934,0.1584,0.0000,0.0000,0.0000,0.416,2.606
DAFOL40-57,b2015,1501,1774.15,-0.68,0.208929613,0.4260,0.0000,0.0576,0.0691,0.2900,0.1573,0.0000,0.0000,0.0000,0.338,2.175
DAFOL40-59,b2015,1550,1823.15,-0.68,0.208929613,0.4241,0.0000,0.0573,0.0689,0.2917,0.1581,0.0000,0.0000,0.0000,0.265,1.842
DAF5-58,b2015,1399,1672.15,-0.68,0.208929613,0.4856,0.0000,0.0896,0.0350,0.1442,0.2456,0.0000,0.0000,0.0000,0.422,2.640
DAF-58,b2015,1399,1672.15,-0.68,0.208929613,0.4684,0.0000,0.0847,0.0779,0.1353,0.2337,0.0000,0.0000,0.0000,0.481,3.029
DAF20-58,b2015,1399,1672.15,-0.68,0.208929613,0.4252,0.0000,0.0790,0.1542,0.1275,0.2140,0.0000,0.0000,0.0000,0.574,3.746
DAF5-56,b2015,1450,1723.15,-0.68,0.208929613,0.4868,0.0000,0.0897,0.0361,0.1431,0.2444,0.0000,0.0000,0.0000,0.324,2.108
DAF-56,b2015,1450,1723.15,-0.68,0.208929613,0.4668,0.0000,0.0848,0.0770,0.1377,0.2337,0.0000,0.0000,0.0000,0.387,2.438
DAF20-56,b2015,1450,1723.15,-0.68,0.208929613,0.4224,0.0000,0.0779,0.1601,0.1269,0.2126,0.0000,0.0000,0.0000,0.463,2.907
DAF5-57,b2015,1501,1774.15,-0.68,0.208929613,0.4853,0.0000,0.0897,0.0340,0.1461,0.2450,0.0000,0.0000,0.0000,0.221,1.663
DAF-57,b2015,1501,1774.15,-0.68,0.208929613,0.4664,0.0000,0.0843,0.0791,0.1374,0.2328,0.0000,0.0000,0.0000,0.304,2.015
DAF20-57,b2015,1501,1774.15,-0.68,0.208929613,0.4278,0.0000,0.0793,0.1504,0.1278,0.2148,0.0000,0.0000,0.0000,0.370,2.343
DAF5-59,b2015,1550,1823.15,-0.68,0.208929613,0.4860,0.0000,0.0891,0.0373,0.1437,0.2439,0.0000,0.0000,0.0000,0.214,1.636
DAF-59,b2015,1550,1823.15,-0.68,0.208929613,0.4654,0.0000,0.0846,0.0784,0.1385,0.2331,0.0000,0.0000,0.0000,0.254,1.794
DAF20-59,b2015,1550,1823.15,-0.68,0.208929613,0.4282,0.0000,0.0796,0.1494,0.1280,0.2149,0.0000,0.0000,0.0000,0.302,2.006
DAF-71,b2015,1501,1774.15,-0.68,0.208929613,0.4687,0.0000,0.0859,0.0717,0.1414,0.2324,0.0000,0.0000,0.0000,0.306,2.021
DAFM15-71,b2015,1501,1774.15,-0.68,0.208929613,0.4233,0.0000,0.0776,0.0723,0.2168,0.2099,0.0000,0.0000,0.0000,0.357,2.273
DAFM20-71,b2015,1501,1774.15,-0.68,0.208929613,0.3849,0.0000,0.0709,0.0704,0.2828,0.1910,0.0000,0.0000,0.0000,0.445,2.783
DAFS-71,b2015,1501,1774.15,-0.68,0.208929613,0.6795,0.0000,0.0461,0.0744,0.0762,0.1237,0.0000,0.0000,0.0000,0.166,1.466
DAFSM13-71,b2015,1501,1774.15,-0.68,0.208929613,0.5918,0.0000,0.0398,0.0744,0.1876,0.1064,0.0000,0.0000,0.0000,0.144,1.392
DAFSM21-71,b2015,1501,1774.15,-0.68,0.208929613,0.5121,0.0000,0.0347,0.0711,0.2898,0.0924,0.0000,0.0000,0.0000,0.168,1.471
DAF-72,b2015,1551,1824.15,-0.68,0.208929613,0.4692,0.0000,0.0862,0.0717,0.1414,0.2315,0.0000,0.0000,0.0000,0.228,1.691
DAFM15-72,b2015,1551,1824.15,-0.68,0.208929613,0.4233,0.0000,0.0771,0.0728,0.2179,0.2088,0.0000,0.0000,0.0000,0.282,1.915
DAFM20-72,b2015,1551,1824.15,-0.68,0.208929613,0.3838,0.0000,0.0701,0.0707,0.2845,0.1910,0.0000,0.0000,0.0000,0.359,2.285
DAFS-72,b2015,1551,1824.15,-0.68,0.208929613,0.6799,0.0000,0.0461,0.0748,0.0754,0.1239,0.0000,0.0000,0.0000,0.081,1.204
DAFSM13-72,b2015,1551,1824.15,-0.68,0.208929613,0.5928,0.0000,0.0398,0.0737,0.1875,0.1062,0.0000,0.0000,0.0000,0.065,1.161
DAFSM21-72,b2015,1551,1824.15,-0.68,0.208929613,0.5102,0.0000,0.0347,0.0714,0.2907,0.0929,0.0000,0.0000,0.0000,0.091,1.234
DAF-70,b2015,1399,1672.15,-0.68,0.208929613,0.4675,0.0000,0.0856,0.0761,0.1408,0.2298,0.0000,0.0000,0.0001,0.451,2.825
DA/DAFT10-70,b2015,1399,1672.15,-0.68,0.208929613,0.4664,0.0409,0.0859,0.0402,0.1393,0.2269,0.0000,0.0000,0.0002,0.444,2.780
DA/DAFP10-70,b2015,1399,1672.15,-0.68,0.208929613,0.4778,0.0000,0.0883,0.0395,0.1426,0.2329,0.0000,0.0000,0.0188,0.366,2.322
DA/DAFA20-70,b2015,1399,1672.15,-0.68,0.208929613,0.4745,0.0000,0.1121,0.0357,0.1431,0.2343,0.0000,0.0000,0.0002,0.444,2.779
DA/DAFSA21-70,b2015,1399,1672.15,-0.68,0.208929613,0.5526,0.0000,0.1125,0.0385,0.1126,0.1836,0.0000,0.0000,0.0002,0.330,2.139
DAFT10/DAFP10-70,b2015,1399,1672.15,-0.68,0.208929613,0.4388,0.0398,0.0812,0.0753,0.1317,0.2141,0.0000,0.0000,0.0190,0.368,2.331
HAF-3,b2017,1500,1773.15,-0.68,0.208929613,0.5558,0.0000,0.0944,0.0752,0.2745,0.0001,0.0000,0.0000,0.0000,-0.036,0.921
HAFC5-3,b2017,1500,1773.15,-0.68,0.208929613,0.5203,0.0000,0.0881,0.0786,0.2558,0.0572,0.0000,0.0000,0.0000,0.075,1.189
HAFC11-3,b2017,1500,1773.15,-0.68,0.208929613,0.4877,0.0000,0.0826,0.0743,0.2399,0.1155,0.0000,0.0000,0.0000,0.167,1.471
HAFC16-3,b2017,1500,1773.15,-0.68,0.208929613,0.4521,0.0000,0.0768,0.0746,0.2225,0.1740,0.0000,0.0000,0.0000,0.254,1.793
HAFS-3,b2017,1500,1773.15,-0.68,0.208929613,0.6386,0.0000,0.0729,0.0765,0.2120,0.0001,0.0000,0.0000,0.0000,-0.052,0.887
HAFC5S-3,b2017,1500,1773.15,-0.68,0.208929613,0.6312,0.0000,0.0644,0.0753,0.1874,0.0417,0.0000,0.0000,0.0000,0.009,1.021
HAFC11S-3,b2017,1500,1773.15,-0.68,0.208929613,0.6132,0.0000,0.0594,0.0724,0.1724,0.0826,0.0000,0.0000,0.0000,0.075,1.188
HAFC16S-3,b2017,1500,1773.15,-0.68,0.208929613,0.6008,0.0000,0.0528,0.0749,0.1529,0.1187,0.0000,0.0000,0.0000,0.116,1.307
HAF-4,b2017,1553,1826.15,-0.68,0.208929613,0.5557,0.0000,0.0943,0.0752,0.2748,0.0000,0.0000,0.0000,0.0000,-0.103,0.789
HAFC5-4,b2017,1553,1826.15,-0.68,0.208929613,0.5201,0.0000,0.0880,0.0791,0.2552,0.0576,0.0000,0.0000,0.0000,-0.004,0.990
HAFC11-4,b2017,1553,1826.15,-0.68,0.208929613,0.4883,0.0000,0.0824,0.0738,0.2403,0.1153,0.0000,0.0000,0.0000,0.079,1.199
HAFC16-4,b2017,1553,1826.15,-0.68,0.208929613,0.4543,0.0000,0.0764,0.0742,0.2221,0.1730,0.0000,0.0000,0.0000,0.182,1.521
HAFS-4,b2017,1553,1826.15,-0.68,0.208929613,0.6432,0.0000,0.0719,0.0747,0.2101,0.0001,0.0000,0.0000,0.0000,-0.135,0.732
HAFC5S-4,b2017,1553,1826.15,-0.68,0.208929613,0.6303,0.0000,0.0643,0.0755,0.1881,0.0418,0.0000,0.0000,0.0000,-0.043,0.906
HAFC11S-4,b2017,1553,1826.15,-0.68,0.208929613,0.6137,0.0000,0.0593,0.0723,0.1721,0.0826,0.0000,0.0000,0.0000,-0.006,0.986
HAFC16S-4,b2017,1553,1826.15,-0.68,0.208929613,0.6025,0.0000,0.0527,0.0743,0.1524,0.1182,0.0000,0.0000,0.0000,0.049,1.120
HAF-6,b2017,1450,1723.15,-0.68,0.208929613,0.5573,0.0000,0.0941,0.0742,0.2744,0.0001,0.0000,0.0000,0.0000,0.061,1.152
HAFC16-6,b2017,1450,1723.15,-0.68,0.208929613,0.4531,0.0000,0.0764,0.0752,0.2219,0.1734,0.0000,0.0000,0.0000,0.340,2.187
DAF-93,b2017,1500,1773.15,-0.68,0.208929613,0.4608,0.0000,0.0843,0.0724,0.1404,0.2317,0.0105,0.0000,0.0000,0.265,1.842
DAFN8-93,b2017,1500,1773.15,-0.68,0.208929613,0.4407,0.0000,0.0807,0.0689,0.1334,0.2212,0.0550,0.0000,0.0000,0.437,2.732
DAFN15-93,b2017,1500,1773.15,-0.68,0.208929613,0.4326,0.0000,0.0797,0.0682,0.1303,0.2173,0.0719,0.0000,0.0000,0.488,3.074
DAFS-93,b2017,1500,1773.15,-0.68,0.208929613,0.6649,0.0000,0.0455,0.0759,0.0752,0.1239,0.0147,0.0000,0.0000,0.177,1.504
DAFSN7-93,b2017,1500,1773.15,-0.68,0.208929613,0.6255,0.0000,0.0429,0.0705,0.0710,0.1182,0.0720,0.0000,0.0000,0.341,2.194
DAFSN15-93,b2017,1500,1773.15,-0.68,0.208929613,0.6004,0.0000,0.0410,0.0669,0.0675,0.1111,0.1131,0.0000,0.0000,0.427,2.672
DAFA-93,b2017,1500,1773.15,-0.68,0.208929613,0.4166,0.0000,0.1580,0.0796,0.1250,0.2071,0.0138,0.0000,0.0000,0.302,2.005
DAFAN8-93,b2017,1500,1773.15,-0.68,0.208929613,0.3967,0.0000,0.1496,0.0742,0.1181,0.1966,0.0647,0.0000,0.0000,0.463,2.904
DAFAN16-93,b2017,1500,1773.15,-0.68,0.208929613,0.3893,0.0000,0.1471,0.0739,0.1164,0.1939,0.0794,0.0000,0.0000,0.521,3.320
DAF-94,b2017,1500,1773.15,-0.68,0.208929613,0.4547,0.0000,0.0834,0.0715,0.1382,0.2294,0.0229,0.0000,0.0000,0.344,2.210
DAFN8-94,b2017,1500,1773.15,-0.68,0.208929613,0.4503,0.0000,0.0825,0.0694,0.1356,0.2266,0.0356,0.0000,0.0000,0.355,2.264
DAFN15-94,b2017,1500,1773.15,-0.68,0.208929613,0.4491,0.0000,0.0826,0.0684,0.1364,0.2254,0.0382,0.0000,0.0000,0.373,2.361
DAFS-94,b2017,1500,1773.15,-0.68,0.208929613,0.6607,0.0000,0.0449,0.0740,0.0743,0.1230,0.0231,0.0000,0.0000,0.201,1.589
DAFSN7-94,b2017,1500,1773.15,-0.68,0.208929613,0.6353,0.0000,0.0430,0.0705,0.0709,0.1179,0.0624,0.0000,0.0000,0.315,2.066
DAFSN15-94,b2017,1500,1773.15,-0.68,0.208929613,0.6166,0.0000,0.0421,0.0693,0.0695,0.1146,0.0879,0.0000,0.0000,0.376,2.377
DAFA-94,b2017,1500,1773.15,-0.68,0.208929613,0.4145,0.0000,0.1576,0.0791,0.1236,0.2059,0.0193,0.0000,0.0000,0.313,2.057
DAFAN8-94,b2017,1500,1773.15,-0.68,0.208929613,0.4064,0.0000,0.1533,0.0760,0.1214,0.2020,0.0409,0.0000,0.0000,0.382,2.410
DAFAN16-94,b2017,1500,1773.15,-0.68,0.208929613,0.4059,0.0000,0.1528,0.0753,0.1213,0.2008,0.0440,0.0000,0.0000,0.394,2.480
DAFS-14,b2017,1501,1774.15,-0.68,0.208929613,0.6631,0.0000,0.0464,0.0803,0.0770,0.1252,0.0000,0.0079,0.0000,0.205,1.603
DAFS-13,b2017,1501,1774.15,-0.68,0.208929613,0.6676,0.0000,0.0456,0.0771,0.0751,0.1235,0.0000,0.0111,0.0000,0.227,1.686
DAFS-15,b2017,1501,1774.15,-0.68,0.208929613,0.6739,0.0000,0.0436,0.0741,0.0719,0.1180,0.0000,0.0184,0.0000,0.237,1.725
DAFSK12-15,b2017,1501,1774.15,-0.68,0.208929613,0.6363,0.0000,0.0434,0.0734,0.0717,0.1172,0.0000,0.0580,0.0000,0.382,2.410
DAFSK12-13,b2017,1501,1774.15,-0.68,0.208929613,0.6335,0.0000,0.0427,0.0734,0.0709,0.1171,0.0000,0.0623,0.0000,0.399,2.507
DAFSK25-15,b2017,1501,1774.15,-0.68,0.208929613,0.6275,0.0000,0.0422,0.0734,0.0715,0.1168,0.0000,0.0686,0.0000,0.429,2.683
DAFSK12-14,b2017,1501,1774.15,-0.68,0.208929613,0.6294,0.0000,0.0425,0.0718,0.0705,0.1149,0.0000,0.0709,0.0000,0.445,2.784
DAFSK25-13,b2017,1501,1774.15,-0.68,0.208929613,0.6245,0.0000,0.0420,0.0720,0.0703,0.1144,0.0000,0.0769,0.0000,0.461,2.892
DAFSK25-14,b2017,1501,1774.15,-0.68,0.208929613,0.6113,0.0000,0.0411,0.0701,0.0677,0.1099,0.0000,0.0999,0.0000,0.533,3.410
HAFS-15,b2017,1501,1774.15,-0.68,0.208929613,0.6311,0.0000,0.0724,0.0728,0.2065,0.0002,0.0000,0.0169,0.0000,0.030,1.071
HAFS-13,b2017,1501,1774.15,-0.68,0.208929613,0.6325,0.0000,0.0704,0.0721,0.2028,0.0001,0.0000,0.0222,0.0000,0.046,1.111
HAFS-14,b2017,1501,1774.15,-0.68,0.208929613,0.6236,0.0000,0.0707,0.0737,0.2037,0.0001,0.0000,0.0283,0.0000,0.102,1.265
HAFSK13-15,b2017,1501,1774.15,-0.68,0.208929613,0.5963,0.0000,0.0679,0.0698,0.1945,0.0001,0.0000,0.0714,0.0000,0.288,1.941
HAFSK13-13,b2017,1501,1774.15,-0.68,0.208929613,0.5945,0.0000,0.0678,0.0696,0.1936,0.0002,0.0000,0.0743,0.0000,0.304,2.012
HAFSK13-14,b2017,1501,1774.15,-0.68,0.208929613,0.5891,0.0000,0.0675,0.0695,0.1925,0.0002,0.0000,0.0811,0.0000,0.333,2.153
HAFSK26-15,b2017,1501,1774.15,-0.68,0.208929613,0.5868,0.0000,0.0672,0.0691,0.1939,0.0000,0.0000,0.0829,0.0000,0.325,2.112
HAFSK26-13,b2017,1501,1774.15,-0.68,0.208929613,0.5841,0.0000,0.0666,0.0688,0.1923,0.0001,0.0000,0.0880,0.0000,0.363,2.306
HAFSK26-14,b2017,1501,1774.15,-0.68,0.208929613,0.5685,0.0000,0.0647,0.0680,0.1898,0.0001,0.0000,0.1089,0.0000,0.453,2.837
HRF5-22,b2018,1301,1574.15,-0.68,0.208929613,0.5963,0.0000,0.0690,0.0429,0.1662,0.1256,0.0000,0.0000,0.0000,0.452,2.833
HRF10-22,b2018,1301,1574.15,-0.68,0.208929613,0.5765,0.0000,0.0671,0.0746,0.1601,0.1217,0.0000,0.0000,0.0000,0.454,2.842
HRF20-22,b2018,1301,1574.15,-0.68,0.208929613,0.5256,0.0000,0.0611,0.1573,0.1458,0.1102,0.0000,0.0000,0.0000,0.473,2.975
HRF5-21,b2018,1349,1622.15,-0.68,0.208929613,0.5956,0.0000,0.0701,0.0430,0.1659,0.1254,0.0000,0.0000,0.0000,0.362,2.299
HRF10-21,b2018,1349,1622.15,-0.68,0.208929613,0.5730,0.0000,0.0682,0.0760,0.1610,0.1217,0.0000,0.0000,0.0000,0.372,2.353
HRF20-21,b2018,1349,1622.15,-0.68,0.208929613,0.5287,0.0000,0.0612,0.1540,0.1464,0.1098,0.0000,0.0000,0.0000,0.408,2.560
HRF5-30,b2018,1399,1672.15,-0.68,0.208929613,0.5978,0.0000,0.0701,0.0407,0.1658,0.1256,0.0000,0.0000,0.0000,0.292,1.957
HRF10-30,b2018,1399,1672.15,-0.68,0.208929613,0.5783,0.0000,0.0672,0.0738,0.1603,0.1204,0.0000,0.0000,0.0000,0.307,2.027
HRF20-30,b2018,1399,1672.15,-0.68,0.208929613,0.5271,0.0000,0.0613,0.1567,0.1453,0.1096,0.0000,0.0000,0.0000,0.336,2.167
HRF5-29,b2018,1451,1724.15,-0.68,0.208929613,0.5955,0.0000,0.0703,0.0410,0.1671,0.1261,0.0000,0.0000,0.0000,0.193,1.560
HRF10-29,b2018,1451,1724.15,-0.68,0.208929613,0.5778,0.0000,0.0677,0.0725,0.1603,0.1217,0.0000,0.0000,0.0000,0.221,1.665
HRF20-29,b2018,1451,1724.15,-0.68,0.208929613,0.5313,0.0000,0.0617,0.1490,0.1468,0.1112,0.0000,0.0000,0.0000,0.255,1.800
DAFN15/DAFSK25-33,b2018,1450,1723.15,-0.68,0.208929613,0.5083,0.0000,0.0615,0.0672,0.1027,0.1713,0.0594,0.0296,0.0000,0.566,3.678
DAFSN15/DAFSK25-33,b2018,1450,1723.15,-0.68,0.208929613,0.5970,0.0000,0.0405,0.0676,0.0670,0.1126,0.0723,0.0431,0.0000,0.578,3.787
DAFAN16/HAFSK26-33,b2018,1450,1723.15,-0.68,0.208929613,0.4696,0.0000,0.1088,0.0689,0.1482,0.1067,0.0662,0.0316,0.0000,0.552,3.568
DAFN8/HAFSK13-33,b2018,1450,1723.15,-0.68,0.208929613,0.5058,0.0000,0.0737,0.0670,0.1614,0.1146,0.0419,0.0357,0.0000,0.495,3.124
SAF-42,b2018,1499,1772.15,-0.68,0.208929613,0.7069,0.0000,0.1064,0.0802,0.0000,0.1065,0.0000,0.0000,0.0000,-0.028,0.938
SAFM5-42,b2018,1499,1772.15,-0.68,0.208929613,0.6537,0.0000,0.0984,0.0753,0.0765,0.0960,0.0000,0.0000,0.0000,0.038,1.091
SAFM10-42,b2018,1499,1772.15,-0.68,0.208929613,0.5989,0.0000,0.0912,0.0733,0.1478,0.0887,0.0000,0.0000,0.0000,0.068,1.170
SAFM15-42,b2018,1499,1772.15,-0.68,0.208929613,0.5439,0.0000,0.0825,0.0715,0.2213,0.0807,0.0000,0.0000,0.0000,0.106,1.276
SAF-43,b2018,1398,1671.15,-0.68,0.208929613,0.7069,0.0000,0.1087,0.0795,0.0000,0.1050,0.0000,0.0000,0.0000,0.123,1.328
SAFM5-43,b2018,1398,1671.15,-0.68,0.208929613,0.6521,0.0000,0.0996,0.0748,0.0771,0.0964,0.0000,0.0000,0.0000,0.196,1.570
SAF-44,b2018,1448,1721.15,-0.68,0.208929613,0.7062,0.0000,0.1083,0.0794,0.0000,0.1061,0.0000,0.0000,0.0000,0.043,1.105
SAFM5-44,b2018,1448,1721.15,-0.68,0.208929613,0.6516,0.0000,0.0997,0.0760,0.0758,0.0969,0.0000,0.0000,0.0000,0.116,1.306
SAFM10-44,b2018,1448,1721.15,-0.68,0.208929613,0.5998,0.0000,0.0909,0.0728,0.1477,0.0888,0.0000,0.0000,0.0000,0.150,1.413
SAFM15-44,b2018,1448,1721.15,-0.68,0.208929613,0.5438,0.0000,0.0835,0.0721,0.2199,0.0808,0.0000,0.0000,0.0000,0.189,1.543
HRFK16-45,b2018,1398,1671.15,-0.68,0.208929613,0.5393,0.0000,0.0632,0.0669,0.1467,0.1133,0.0187,0.0519,0.0000,0.615,4.120
DAFN8/HAFSK13-46,b2018,1499,1772.15,-0.68,0.208929613,0.5177,0.0000,0.0757,0.0679,0.1617,0.1145,0.0345,0.0281,0.0000,0.418,2.617
DAFAN8/DAFSK12-46,b2018,1499,1772.15,-0.68,0.208929613,0.5186,0.0000,0.0975,0.0716,0.0935,0.1545,0.0374,0.0270,0.0000,0.413,2.590
DAFN15/DAFSK25-36,b2018,1500,1773.15,-0.68,0.208929613,0.5043,0.0000,0.0611,0.0650,0.0996,0.1645,0.0664,0.0391,0.0000,0.548,3.528
DAFSN15/DAFSK25-36,b2018,1500,1773.15,-0.68,0.208929613,0.5918,0.0000,0.0402,0.0637,0.0651,0.1054,0.0807,0.0532,0.0000,0.570,3.713
DAF-83,b2015,1498,1771.15,-2.75,0.001778279,0.4678,0.0000,0.0862,0.0719,0.1405,0.2336,0.0000,0.0000,0.0000,-0.275,0.531
DAF5-83,b2015,1498,1771.15,-2.75,0.001778279,0.4846,0.0000,0.0910,0.0344,0.1469,0.2432,0.0000,0.0000,0.0000,-0.338,0.460
DAF20-83,b2015,1498,1771.15,-2.75,0.001778279,0.4283,0.0000,0.0807,0.1477,0.1293,0.2140,0.0000,0.0000,0.0000,-0.200,0.631
DAFOL20-83,b2015,1498,1771.15,-2.75,0.001778279,0.4458,0.0000,0.0728,0.0656,0.2195,0.1964,0.0000,0.0000,0.0000,-0.259,0.551
DAFOL40-83,b2015,1498,1771.15,-2.75,0.001778279,0.4230,0.0000,0.0581,0.0661,0.2965,0.1563,0.0000,0.0000,0.0000,-0.201,0.630
DAF-84,b2015,1550,1823.15,-2.59,0.002570396,0.4680,0.0000,0.0863,0.0730,0.1399,0.2328,0.0000,0.0000,0.0000,-0.299,0.503
DAF5-84,b2015,1550,1823.15,-2.59,0.002570396,0.4849,0.0000,0.0908,0.0350,0.1464,0.2429,0.0000,0.0000,0.0000,-0.318,0.480
DAF20-84,b2015,1550,1823.15,-2.59,0.002570396,0.4257,0.0000,0.0806,0.1515,0.1295,0.2128,0.0000,0.0000,0.0000,-0.201,0.630
DAFOL20-84,b2015,1550,1823.15,-2.59,0.002570396,0.4468,0.0000,0.0729,0.0646,0.2206,0.1951,0.0000,0.0000,0.0000,-0.264,0.544
DAFOL40-84,b2015,1550,1823.15,-2.59,0.002570396,0.4230,0.0000,0.0581,0.0661,0.2965,0.1563,0.0000,0.0000,0.0000,-0.226,0.594
DAF-85,b2015,1450,1723.15,-2.9,0.001258925,0.4666,0.0000,0.0902,0.0749,0.1385,0.2298,0.0000,0.0000,0.0000,-0.212,0.613
DAF5-85,b2015,1450,1723.15,-2.9,0.001258925,0.4841,0.0000,0.0913,0.0349,0.1472,0.2426,0.0000,0.0000,0.0000,-0.215,0.610
DAF20-85,b2015,1450,1723.15,-2.9,0.001258925,0.4249,0.0000,0.0804,0.1543,0.1287,0.2117,0.0000,0.0000,0.0000,-0.139,0.726
0,KC1988_1991,1354,1627.15,-0.68,0.208929613,0.4929,0.0249,0.0845,0.1885,0.0897,0.1070,0.0073,0.0038,0.0014,0.478,3.008
1,KC1988_1991,1354,1627.15,-0.68,0.208929613,0.5202,0.0299,0.1004,0.1628,0.0774,0.0895,0.0119,0.0061,0.0018,0.389,2.450
2,KC1988_1991,1354,1627.15,-0.68,0.208929613,0.4992,0.0243,0.0841,0.1837,0.0890,0.1069,0.0074,0.0040,0.0014,0.478,3.009
3,KC1988_1991,1451,1724.15,-0.68,0.208929613,0.4949,0.0244,0.0821,0.1908,0.0890,0.1063,0.0078,0.0032,0.0015,0.301,2.001
4,KC1988_1991,1451,1724.15,-0.68,0.208929613,0.5293,0.0299,0.0992,0.1573,0.0756,0.0882,0.0140,0.0052,0.0012,0.228,1.690
5,KC1988_1991,1451,1724.15,-0.68,0.208929613,0.5187,0.0293,0.1006,0.1632,0.0777,0.0896,0.0147,0.0050,0.0012,0.246,1.760
6,KC1988_1991,1451,1724.15,-0.68,0.208929613,0.5216,0.0285,0.1193,0.1488,0.0692,0.0836,0.0222,0.0056,0.0011,0.242,1.747
7,KC1988_1991,1451,1724.15,-0.68,0.208929613,0.5217,0.0277,0.1273,0.1436,0.0685,0.0828,0.0215,0.0057,0.0012,0.213,1.634
8,KC1988_1991,1437,1710.15,-0.68,0.208929613,0.5345,0.0150,0.0866,0.1063,0.1080,0.1209,0.0275,0.0013,0.0000,0.400,2.510
9,KC1988_1991,1388,1661.15,-0.68,0.208929613,0.5366,0.0151,0.0870,0.1049,0.1068,0.1210,0.0273,0.0013,0.0000,0.503,3.183
10,KC1988_1991,1485,1758.15,-0.68,0.208929613,0.5378,0.0152,0.0879,0.1066,0.1055,0.1208,0.0250,0.0012,0.0000,0.230,1.696
11,KC1988_1991,1535,1808.15,-0.68,0.208929613,0.5392,0.0150,0.0867,0.1059,0.1065,0.1207,0.0249,0.0011,0.0000,0.233,1.708
12,KC1988_1991,1584,1857.15,-0.68,0.208929613,0.5385,0.0152,0.0869,0.1056,0.1080,0.1209,0.0237,0.0011,0.0000,0.124,1.331
13,KC1988_1991,1635,1908.15,-0.68,0.208929613,0.5410,0.0151,0.0861,0.1041,0.1071,0.1229,0.0227,0.0011,0.0000,0.043,1.104
14,KC1988_1991,1360,1633.15,-0.68,0.208929613,0.5378,0.0151,0.0858,0.1058,0.1064,0.1185,0.0266,0.0029,0.0009,0.453,2.836
15,KC1988_1991,1360,1633.15,-0.68,0.208929613,0.6041,0.0057,0.1047,0.0572,0.0983,0.0847,0.0374,0.0075,0.0005,0.403,2.531
16,KC1988_1991,1360,1633.15,-0.68,0.208929613,0.4368,0.0478,0.0641,0.1253,0.1116,0.1751,0.0197,0.0191,0.0004,0.655,4.513
17,KC1988_1991,1360,1633.15,-0.68,0.208929613,0.4272,0.0241,0.0872,0.1066,0.0951,0.2066,0.0375,0.0133,0.0024,0.689,4.883
18,KC1988_1991,1360,1633.15,-0.68,0.208929613,0.5434,0.0259,0.0855,0.1028,0.1007,0.1117,0.0246,0.0046,0.0007,0.438,2.744
19,KC1988_1991,1458,1731.15,-0.68,0.208929613,0.5383,0.0152,0.0852,0.1057,0.1097,0.1178,0.0253,0.0024,0.0004,0.276,1.889
20,KC1988_1991,1458,1731.15,-0.68,0.208929613,0.6048,0.0059,0.1043,0.0575,0.0995,0.0839,0.0369,0.0069,0.0004,0.219,1.656
21,KC1988_1991,1458,1731.15,-0.68,0.208929613,0.4406,0.0245,0.0859,0.1086,0.0973,0.2080,0.0281,0.0067,0.0004,0.478,3.005
22,KC1988_1991,1458,1731.15,-0.68,0.208929613,0.4438,0.0481,0.0652,0.1242,0.1145,0.1780,0.0145,0.0117,0.0000,0.443,2.771
23,KC1988_1991,1458,1731.15,-0.68,0.208929613,0.5475,0.0264,0.0869,0.1009,0.0980,0.1123,0.0238,0.0042,0.0002,0.292,1.958
24,K1983,1445,1718.15,-0.68,0.208929613,0.4375,0.0368,0.1444,0.1029,0.0855,0.1602,0.0260,0.0066,0.0000,0.448,2.803
25,K1983,1342,1615.15,-0.68,0.208929613,0.4259,0.0241,0.0864,0.1045,0.0943,0.1989,0.0428,0.0190,0.0041,0.900,7.937
26,K1983,1350,1623.15,-0.68,0.208929613,0.4315,0.0463,0.0637,0.1199,0.1089,0.1734,0.0240,0.0295,0.0028,0.601,3.989
27,K1983,1447,1720.15,-0.68,0.208929613,0.4319,0.0242,0.0908,0.1093,0.0999,0.2069,0.0294,0.0076,0.0001,0.602,4.002
28,K1983,1445,1718.15,-0.68,0.208929613,0.4358,0.0482,0.0632,0.1235,0.1139,0.1791,0.0164,0.0198,0.0000,0.505,3.197
29,K1983,1445,1718.15,-0.68,0.208929613,0.4483,0.0384,0.0948,0.1135,0.0998,0.1689,0.0300,0.0062,0.0001,0.497,3.139
30,K1983,1344,1617.15,-0.68,0.208929613,0.4674,0.0356,0.0624,0.1043,0.1436,0.1305,0.0282,0.0280,0.0001,0.730,5.369
31,K1983,1445,1718.15,-0.68,0.208929613,0.4717,0.0374,0.0630,0.1035,0.1453,0.1332,0.0219,0.0239,0.0001,0.472,2.968
32,K1983,1430,1703.15,-0.68,0.208929613,0.4972,0.0196,0.0977,0.0937,0.1505,0.1041,0.0309,0.0062,0.0001,0.391,2.463
33,K1983,1430,1703.15,-0.68,0.208929613,0.4975,0.0194,0.0981,0.0942,0.1501,0.1037,0.0307,0.0062,0.0002,0.428,2.681
34,K1983,1340,1613.15,-0.68,0.208929613,0.5428,0.0089,0.1204,0.0765,0.0676,0.1024,0.0288,0.0511,0.0015,0.658,4.555
35,K1983,1344,1617.15,-0.68,0.208929613,0.5459,0.0090,0.1209,0.0767,0.0659,0.1026,0.0288,0.0499,0.0001,0.692,4.919
36,K1983,1436,1709.15,-0.68,0.208929613,0.5176,0.0176,0.1022,0.0877,0.1325,0.0974,0.0352,0.0095,0.0002,0.379,2.392
37,K1983,1434,1707.15,-0.68,0.208929613,0.5080,0.0220,0.0540,0.0606,0.1857,0.1429,0.0065,0.0203,0.0000,0.464,2.912
38,K1983,1445,1718.15,-0.68,0.208929613,0.5515,0.0139,0.1306,0.0804,0.0576,0.0965,0.0527,0.0169,0.0000,0.391,2.460
39,K1983,1447,1720.15,-0.68,0.208929613,0.5539,0.0094,0.1221,0.0760,0.0661,0.1037,0.0270,0.0416,0.0000,0.446,2.792
40,K1983,1434,1707.15,-0.68,0.208929613,0.5355,0.0267,0.0858,0.1044,0.1019,0.1127,0.0274,0.0043,0.0013,0.512,3.248
41,K1983,1430,1703.15,-0.68,0.208929613,0.5417,0.0268,0.0883,0.1054,0.0965,0.1129,0.0244,0.0037,0.0002,0.379,2.392
42,K1983,1445,1718.15,-0.68,0.208929613,0.5622,0.0270,0.0826,0.1257,0.0670,0.1012,0.0304,0.0035,0.0004,0.295,1.974
43,K1983,1445,1718.15,-0.68,0.208929613,0.6500,0.0047,0.1467,0.0345,0.0125,0.0402,0.0446,0.0664,0.0002,0.368,2.334
44,K1983,1434,1707.15,-0.68,0.208929613,0.6017,0.0059,0.1059,0.0583,0.0967,0.0849,0.0398,0.0067,0.0002,0.287,1.937
45,K1983,1436,1709.15,-0.68,0.208929613,0.6208,0.0202,0.0899,0.1042,0.0467,0.0740,0.0361,0.0077,0.0003,0.278,1.896
46,K1983,1443,1716.15,-0.68,0.208929613,0.6240,0.0199,0.0897,0.1041,0.0456,0.0733,0.0355,0.0078,0.0001,0.307,2.026
47,K1983,1428,1701.15,-0.68,0.208929613,0.6474,0.0106,0.1355,0.0462,0.0177,0.0378,0.0789,0.0256,0.0004,0.352,2.247
48,K1983,1446,1719.15,-0.68,0.208929613,0.6078,0.0059,0.1061,0.0584,0.0932,0.0847,0.0375,0.0065,0.0000,0.324,2.107
49,K1983,1349,1622.15,-0.68,0.208929613,0.6285,0.0069,0.1011,0.0805,0.0536,0.0798,0.0396,0.0092,0.0007,0.472,2.964
50,K1983,1359,1632.15,-0.68,0.208929613,0.6313,0.0067,0.1021,0.0801,0.0537,0.0796,0.0381,0.0084,0.0000,0.375,2.372
51,K1983,1445,1718.15,-0.68,0.208929613,0.6469,0.0126,0.1229,0.0489,0.0301,0.0489,0.0525,0.0351,0.0021,0.370,2.345
52,K1983,1349,1622.15,-0.68,0.208929613,0.6326,0.0068,0.1006,0.0786,0.0524,0.0789,0.0401,0.0092,0.0008,0.453,2.841
53,K1983,1349,1622.15,-0.68,0.208929613,0.6346,0.0068,0.1018,0.0794,0.0511,0.0804,0.0374,0.0082,0.0002,0.432,2.703
54,K1983,1349,1622.15,-0.68,0.208929613,0.6339,0.0070,0.0993,0.0799,0.0519,0.0799,0.0392,0.0085,0.0004,0.437,2.738
55,K1983,1349,1622.15,-0.68,0.208929613,0.6339,0.0070,0.0993,0.0799,0.0519,0.0799,0.0392,0.0085,0.0004,0.461,2.887
56,K1983,1429,1702.15,-0.68,0.208929613,0.6639,0.0096,0.1157,0.0487,0.0280,0.0335,0.0572,0.0420,0.0014,0.586,3.854
57,K1983,1429,1702.15,-0.68,0.208929613,0.6393,0.0233,0.0725,0.0344,0.1119,0.0455,0.0117,0.0613,0.0000,0.397,2.493
58,K1983,1430,1703.15,-0.68,0.208929613,0.6561,0.0061,0.1115,0.0522,0.0521,0.0658,0.0468,0.0088,0.0005,0.284,1.924
59,K1983,1447,1720.15,-0.68,0.208929613,0.6854,0.0064,0.1311,0.0333,0.0069,0.0094,0.0903,0.0369,0.0003,0.535,3.428
60,K1983,1447,1720.15,-0.68,0.208929613,0.6830,0.0079,0.1171,0.0483,0.0152,0.0279,0.0597,0.0398,0.0011,0.427,2.674
61,K1983,1430,1703.15,-0.68,0.208929613,0.6834,0.0059,0.1075,0.0553,0.0242,0.0441,0.0558,0.0234,0.0005,0.412,2.580
62,K1983,1344,1617.15,-0.68,0.208929613,0.6835,0.0056,0.1024,0.0546,0.0237,0.0422,0.0609,0.0267,0.0005,0.543,3.489
63,K1983,1430,1703.15,-0.68,0.208929613,0.7448,0.0060,0.0731,0.0599,0.0161,0.0236,0.0516,0.0246,0.0002,0.369,2.340
64,S1980,1300,1573.15,-7.12,7.58578E-08,0.6060,0.0106,0.1024,0.0657,0.0735,0.0843,0.0420,0.0132,0.0023,-0.957,0.110
65,S1980,1300,1573.15,-7.12,7.58578E-08,0.6239,0.0202,0.0872,0.1050,0.0466,0.0740,0.0306,0.0091,0.0035,-0.852,0.141
66,S1980,1300,1573.15,-7.12,7.58578E-08,0.7095,0.0069,0.0951,0.0845,0.0128,0.0475,0.0258,0.0170,0.0009,-0.698,0.201
67,S1980,1300,1573.15,-7.12,7.58578E-08,0.4417,0.0375,0.0884,0.1112,0.0925,0.1645,0.0432,0.0152,0.0058,-0.796,0.160
68,S1980,1300,1573.15,-7.12,7.58578E-08,0.4619,0.0221,0.1185,0.1045,0.0613,0.1301,0.0604,0.0371,0.0042,-0.476,0.334
69,S1980,1300,1573.15,-7.12,7.58578E-08,0.5693,0.0098,0.1496,0.0641,0.0218,0.0571,0.0643,0.0626,0.0014,-0.730,0.186
70,S1980,1300,1573.15,-7.12,7.58578E-08,0.4285,0.0487,0.0601,0.1226,0.1036,0.1720,0.0237,0.0356,0.0052,-0.633,0.233
71,S1980,1300,1573.15,-7.12,7.58578E-08,0.4262,0.0483,0.0618,0.1213,0.1062,0.1743,0.0226,0.0345,0.0049,-0.633,0.233
72,S1980,1300,1573.15,-7.12,7.58578E-08,0.4390,0.0461,0.0523,0.1160,0.1523,0.1477,0.0237,0.0211,0.0018,-0.702,0.199
73,S1980,1300,1573.15,-7.12,7.58578E-08,0.7005,0.0061,0.0996,0.0644,0.0239,0.0423,0.0362,0.0265,0.0004,-0.560,0.275
74,S1980,1300,1573.15,-7.12,7.58578E-08,0.5554,0.0206,0.1055,0.1007,0.0573,0.0894,0.0503,0.0170,0.0038,-0.721,0.190
75,S1980,1300,1573.15,-7.12,7.58578E-08,0.5462,0.0135,0.1227,0.0855,0.0542,0.0961,0.0594,0.0202,0.0022,-0.785,0.164
76,S1980,1300,1573.15,-7.12,7.58578E-08,0.4937,0.0190,0.0920,0.1009,0.1459,0.1022,0.0363,0.0079,0.0020,-0.731,0.186
77,S1980,1300,1573.15,-7.12,7.58578E-08,0.5502,0.0199,0.0866,0.1096,0.0899,0.1084,0.0273,0.0065,0.0014,-0.757,0.175
78,S1980,1300,1573.15,-7.12,7.58578E-08,0.5002,0.0058,0.0931,0.0876,0.1577,0.1307,0.0224,0.0017,0.0007,-0.893,0.128
79,S1980,1300,1573.15,-7.12,7.58578E-08,0.5088,0.0174,0.0974,0.0974,0.1281,0.0981,0.0399,0.0108,0.0021,-0.828,0.149
80,S1980,1300,1573.15,-7.12,7.58578E-08,0.4654,0.0364,0.0591,0.1079,0.1396,0.1304,0.0295,0.0289,0.0028,-0.643,0.227
81,S1980,1300,1573.15,-7.12,7.58578E-08,0.4887,0.0195,0.0907,0.0986,0.1295,0.1301,0.0334,0.0065,0.0031,-0.828,0.149
82,S1980,1300,1573.15,-7.12,7.58578E-08,0.4399,0.0405,0.0503,0.1040,0.1489,0.1657,0.0116,0.0355,0.0036,-0.579,0.264
83,S1980,1300,1573.15,-7.12,7.58578E-08,0.5999,0.0062,0.1019,0.0632,0.0927,0.0844,0.0427,0.0080,0.0009,-0.846,0.143
84,S1980,1300,1573.15,-7.12,7.58578E-08,0.5131,0.0087,0.1057,0.0838,0.1325,0.1234,0.0304,0.0017,0.0006,-0.972,0.107
85,S1980,1300,1573.15,-7.12,7.58578E-08,0.5473,0.0087,0.1165,0.0766,0.0669,0.1011,0.0304,0.0495,0.0029,-0.688,0.205
86,S1980,1300,1573.15,-7.12,7.58578E-08,0.5543,0.0173,0.0991,0.0878,0.1079,0.0841,0.0435,0.0049,0.0011,-0.790,0.162
87,S1980,1300,1573.15,-7.12,7.58578E-08,0.4996,0.0187,0.1053,0.0812,0.1155,0.1202,0.0431,0.0142,0.0023,-0.788,0.163
88,S1980,1293,1566.15,-7.2,6.30957E-08,0.4499,0.0389,0.0978,0.1005,0.0888,0.1641,0.0390,0.0151,0.0061,-0.717,0.192
89,S1980,1293,1566.15,-7.2,6.30957E-08,0.4235,0.0245,0.0843,0.1023,0.0917,0.2020,0.0404,0.0236,0.0076,-0.560,0.275
90,S1980,1293,1566.15,-7.2,6.30957E-08,0.6598,0.0111,0.1334,0.0485,0.0179,0.0401,0.0574,0.0297,0.0020,-0.547,0.284
91,S1980,1300,1573.15,-7.12,7.58578E-08,0.6505,0.0145,0.1207,0.0522,0.0296,0.0481,0.0435,0.0391,0.0019,-0.736,0.184
92,S1980,1302,1575.15,-7.1,7.94328E-08,0.7361,0.0028,0.1275,0.0172,0.0046,0.0146,0.0470,0.0502,0.0000,-0.651,0.223
93,S1980,1302,1575.15,-7.1,7.94328E-08,0.7268,0.0066,0.1355,0.0341,0.0070,0.0093,0.0455,0.0349,0.0003,-0.607,0.247
94,S1980,1302,1575.15,-7.1,7.94328E-08,0.7005,0.0085,0.1199,0.0476,0.0159,0.0278,0.0358,0.0426,0.0015,-0.743,0.181
95,S1980,1302,1575.15,-7.1,7.94328E-08,0.6728,0.0104,0.1361,0.0460,0.0196,0.0406,0.0444,0.0284,0.0018,-0.790,0.162
96,S1980,1302,1575.15,-7.1,7.94328E-08,0.4299,0.0249,0.0855,0.1126,0.0914,0.2007,0.0321,0.0171,0.0059,-0.537,0.290
97,S1980,1302,1575.15,-7.1,7.94328E-08,0.6444,0.0072,0.0976,0.0767,0.0499,0.0792,0.0346,0.0094,0.0010,-0.884,0.131
98,S1980,1302,1575.15,-7.1,7.94328E-08,0.5496,0.0269,0.0806,0.1356,0.0671,0.0977,0.0333,0.0052,0.0040,-0.820,0.151
99,S1980,1302,1575.15,-7.1,7.94328E-08,0.6577,0.0059,0.1108,0.0529,0.0518,0.0724,0.0365,0.0110,0.0010,-0.938,0.115
100,S1980,1302,1575.15,-7.1,7.94328E-08,0.6210,0.0194,0.0875,0.1036,0.0469,0.0796,0.0276,0.0108,0.0036,-0.760,0.174
101,S1980,1330,1603.15,-6.77,1.69824E-07,0.5035,0.0217,0.0508,0.0554,0.1768,0.1371,0.0083,0.0423,0.0042,-0.639,0.230
102,S1980,1330,1603.15,-6.77,1.69824E-07,0.4691,0.0206,0.0994,0.0862,0.1479,0.1332,0.0310,0.0100,0.0025,-0.712,0.194
103,S1980,1330,1603.15,-6.77,1.69824E-07,0.5048,0.0077,0.1052,0.0765,0.0719,0.1477,0.0256,0.0588,0.0018,-0.556,0.278
104,S1980,1328,1601.15,-6.8,1.58489E-07,0.5487,0.0094,0.1197,0.0771,0.0651,0.1028,0.0269,0.0486,0.0017,-0.792,0.162
105,S1980,1328,1601.15,-6.8,1.58489E-07,0.6361,0.0224,0.0686,0.0348,0.1085,0.0441,0.0132,0.0708,0.0016,-0.761,0.173
106,S1980,1328,1601.15,-6.8,1.58489E-07,0.5307,0.0130,0.0835,0.0699,0.1518,0.1007,0.0237,0.0235,0.0033,-0.806,0.156
107,S1980,1201,1474.15,-8.46,3.46737E-09,0.4275,0.0478,0.0610,0.1292,0.1081,0.1734,0.0206,0.0274,0.0051,-0.548,0.283
108,S1980,1234,1507.15,-8.03,9.33254E-09,0.4276,0.0227,0.0872,0.1146,0.0917,0.1969,0.0314,0.0210,0.0068,-0.603,0.250
109,S1980,1234,1507.15,-8.03,9.33254E-09,0.4655,0.0222,0.1159,0.1085,0.0657,0.1257,0.0551,0.0372,0.0042,-0.588,0.258
110,S1980,1234,1507.15,-8.03,9.33254E-09,0.5594,0.0199,0.1084,0.0935,0.0557,0.0834,0.0583,0.0183,0.0031,-0.789,0.163
111,S1980,1234,1507.15,-8.03,9.33254E-09,0.5701,0.0114,0.1465,0.0624,0.0220,0.0559,0.0699,0.0604,0.0014,-0.494,0.321
112,S1980,1201,1474.15,-8.46,3.46737E-09,0.4398,0.0405,0.0925,0.1147,0.0951,0.1606,0.0385,0.0126,0.0056,-0.528,0.296
113,S1980,1234,1507.15,-8.03,9.33254E-09,0.5072,0.0181,0.1071,0.0808,0.1107,0.1169,0.0412,0.0158,0.0022,-0.815,0.153
114,S1980,1201,1474.15,-8.46,3.46737E-09,0.5481,0.0133,0.1261,0.0795,0.0521,0.0924,0.0628,0.0236,0.0022,-0.717,0.192
115,S1980,1234,1507.15,-8.03,9.33254E-09,0.6769,0.0056,0.1006,0.0554,0.0229,0.0412,0.0651,0.0319,0.0005,-0.574,0.267
116,T1980,1200,1473.15,-8.03,9.33254E-09,0.5324,0.0144,0.0982,0.1130,0.1071,0.0979,0.0312,0.0057,0.0000,-0.854,0.140
117,T1980,1200,1473.15,-8.03,9.33254E-09,0.5316,0.0153,0.0978,0.1117,0.1054,0.1016,0.0305,0.0062,0.0000,-0.772,0.169
118,T1980,1200,1473.15,-8.03,9.33254E-09,0.5298,0.0169,0.0966,0.1106,0.1076,0.0995,0.0337,0.0053,0.0000,-0.956,0.111
119,T1980,1200,1473.15,-8.03,9.33254E-09,0.5320,0.0153,0.0983,0.1104,0.1056,0.1002,0.0323,0.0059,0.0000,-0.875,0.133
120,T1980,1359,1632.15,-6.11,7.76247E-07,0.5334,0.0149,0.0958,0.1123,0.1059,0.1037,0.0283,0.0056,0.0000,-0.623,0.238
121,T1980,1355,1628.15,-6.15,7.07946E-07,0.5327,0.0160,0.0959,0.1120,0.1069,0.1020,0.0291,0.0055,0.0000,-0.601,0.250
122,T1980,1363,1636.15,-6.07,8.51138E-07,0.5345,0.0140,0.0973,0.1088,0.1062,0.1006,0.0325,0.0061,0.0000,-0.879,0.132
123,T1980,1202,1475.15,-8.01,9.77237E-09,0.5262,0.0162,0.0975,0.1015,0.0955,0.0973,0.0326,0.0332,0.0000,-0.588,0.258
124,T1980,1203,1476.15,-8,0.00000001,0.5225,0.0147,0.0979,0.1065,0.0916,0.1009,0.0327,0.0332,0.0000,-0.524,0.299
125,T1980,1203,1476.15,-8.03,9.33254E-09,0.5175,0.0152,0.0982,0.1083,0.0991,0.0992,0.0311,0.0314,0.0000,-0.558,0.277
126,T1980,1203,1476.15,-8,0.00000001,0.5223,0.0159,0.0977,0.1075,0.0892,0.1022,0.0322,0.0329,0.0000,-0.542,0.287
127,T1980,1203,1476.15,-8,0.00000001,0.5236,0.0141,0.0973,0.1092,0.0953,0.0977,0.0290,0.0338,0.0000,-0.515,0.306
128,T1980,1203,1476.15,-8,0.00000001,0.4843,0.0175,0.0830,0.1242,0.0959,0.1190,0.0366,0.0396,0.0000,-0.522,0.301
129,T1980,1205,1478.15,-8,0.00000001,0.4898,0.0169,0.0834,0.1230,0.1020,0.1144,0.0274,0.0431,0.0000,-0.494,0.321
130,T1980,1196,1469.15,-8.09,8.12831E-09,0.4877,0.0186,0.0824,0.1213,0.0998,0.1181,0.0321,0.0399,0.0000,-0.655,0.221
131,T1980,1363,1636.15,-6.07,8.51138E-07,0.5199,0.0145,0.0941,0.1082,0.1044,0.0985,0.0291,0.0312,0.0000,-0.586,0.260
132,T1980,1359,1632.15,-6.11,7.76247E-07,0.5195,0.0163,0.0948,0.1076,0.1053,0.0989,0.0265,0.0312,0.0000,-0.624,0.238
133,T1980,1363,1636.15,-6.07,8.51138E-07,0.5256,0.0133,0.0953,0.1030,0.1053,0.0958,0.0196,0.0421,0.0000,-0.600,0.251
134,T1980,1359,1632.15,-6.11,7.76247E-07,0.5175,0.0147,0.0933,0.1060,0.1054,0.0981,0.0213,0.0437,0.0000,-0.523,0.300
135,T1980,1366,1639.15,-6.02,9.54993E-07,0.5045,0.0148,0.0920,0.1086,0.1041,0.0950,0.0271,0.0539,0.0000,-0.543,0.286
136,T1980,1202,1475.15,-8.01,9.77237E-09,0.5185,0.0140,0.0958,0.1060,0.1042,0.0982,0.0574,0.0058,0.0000,-0.845,0.143
137,T1980,1197,1470.15,-8.09,8.12831E-09,0.5198,0.0147,0.0943,0.1062,0.1048,0.0973,0.0582,0.0048,0.0000,-0.797,0.159
138,T1980,1199,1472.15,-8.08,8.31764E-09,0.5185,0.0147,0.0946,0.1042,0.1039,0.0973,0.0610,0.0058,0.0000,-0.869,0.135
139,T1980,1200,1473.15,-8.03,9.33254E-09,0.5134,0.0160,0.0946,0.1123,0.0999,0.1005,0.0576,0.0057,0.0000,-0.653,0.222
140,T1980,1206,1479.15,-7.98,1.04713E-08,0.5072,0.0134,0.0919,0.1052,0.1035,0.0945,0.0789,0.0053,0.0000,-0.596,0.253
141,T1980,1200,1473.15,-8.05,8.91251E-09,0.5031,0.0142,0.0916,0.1047,0.1065,0.0930,0.0816,0.0052,0.0000,-0.644,0.227
142,T1980,1200,1473.15,-8.03,9.33254E-09,0.5037,0.0141,0.0914,0.1017,0.1030,0.0933,0.0871,0.0057,0.0000,-0.654,0.222
143,T1980,1200,1473.15,-8.05,8.91251E-09,0.5001,0.0148,0.0928,0.1049,0.1023,0.0934,0.0856,0.0061,0.0000,-0.491,0.323
144,T1980,1200,1473.15,-8.05,8.91251E-09,0.5002,0.0134,0.0920,0.1090,0.1010,0.0954,0.0829,0.0060,0.0000,-0.642,0.228
145,T1980,1360,1633.15,-6.1,7.94328E-07,0.5213,0.0156,0.0938,0.1098,0.1057,0.0972,0.0509,0.0057,0.0000,-0.546,0.284
146,T1980,1356,1629.15,-6.14,7.24436E-07,0.5218,0.0142,0.0953,0.1022,0.1041,0.0994,0.0585,0.0043,0.0000,-0.611,0.245
147,T1980,1360,1633.15,-6.1,7.94328E-07,0.5112,0.0150,0.0936,0.1058,0.1024,0.0952,0.0714,0.0055,0.0000,-0.532,0.294
148,T1980,1364,1637.15,-6.05,8.91251E-07,0.5177,0.0129,0.0964,0.0997,0.0984,0.0965,0.0730,0.0055,0.0000,-0.603,0.249
149,T1980,1197,1470.15,-8.05,8.91251E-09,0.5201,0.0166,0.1155,0.1122,0.1056,0.0929,0.0307,0.0063,0.0000,-0.708,0.196
150,T1980,1195,1468.15,-8.1,7.94328E-09,0.5161,0.0154,0.1104,0.1157,0.1098,0.0953,0.0315,0.0057,0.0000,-0.721,0.190
151,T1980,1359,1632.15,-6.11,7.76247E-07,0.5214,0.0139,0.1330,0.0909,0.1081,0.0995,0.0282,0.0050,0.0000,-0.872,0.134
152,T1980,1363,1636.15,-6.07,8.51138E-07,0.5131,0.0142,0.1325,0.1032,0.1062,0.0977,0.0276,0.0055,0.0000,-0.771,0.170
153,T1980,1363,1636.15,-6.07,8.51138E-07,0.4988,0.0141,0.1641,0.0945,0.1016,0.0942,0.0277,0.0050,0.0000,-0.752,0.177
154,T1980,1359,1632.15,-6.11,7.76247E-07,0.4922,0.0134,0.1639,0.1024,0.1002,0.0949,0.0278,0.0052,0.0000,-0.819,0.152
155,T1980,1207,1480.15,-7.97,1.07152E-08,0.5841,0.0127,0.0901,0.0903,0.0969,0.0913,0.0293,0.0053,0.0000,-0.838,0.145
156,T1980,1207,1480.15,-7.97,1.07152E-08,0.6032,0.0127,0.0829,0.0969,0.0902,0.0869,0.0229,0.0042,0.0000,-0.514,0.306
157,T1980,1196,1469.15,-8.1,7.94328E-09,0.5648,0.0133,0.0870,0.1072,0.1007,0.0933,0.0279,0.0058,0.0000,-0.734,0.185
158,T1980,1200,1473.15,-8.03,9.33254E-09,0.6055,0.0131,0.0796,0.0976,0.0929,0.0830,0.0242,0.0043,0.0000,-0.614,0.243
159,T1980,1198,1471.15,-8.09,8.12831E-09,0.6117,0.0113,0.0799,0.0929,0.0899,0.0848,0.0248,0.0048,0.0000,-0.738,0.183
160,T1980,1363,1636.15,-6.07,8.51138E-07,0.5761,0.0142,0.0867,0.0987,0.1023,0.0918,0.0246,0.0055,0.0000,-0.571,0.268
161,T1980,1360,1633.15,-6.1,7.94328E-07,0.5681,0.0131,0.0869,0.1046,0.1022,0.0927,0.0270,0.0054,0.0000,-0.670,0.214
162,T1980,1362,1635.15,-6.08,8.31764E-07,0.6275,0.0111,0.0798,0.0859,0.0850,0.0818,0.0239,0.0048,0.0000,-0.730,0.186
163,T1980,1363,1636.15,-6.07,8.51138E-07,0.6180,0.0122,0.0785,0.0897,0.0880,0.0859,0.0232,0.0045,0.0000,-0.793,0.161
164,T1980,1205,1478.15,-7.99,1.02329E-08,0.5210,0.0144,0.0949,0.1044,0.1040,0.1337,0.0217,0.0060,0.0000,-0.731,0.186
165,T1980,1205,1478.15,-7.99,1.02329E-08,0.5120,0.0146,0.0929,0.1070,0.1070,0.1308,0.0302,0.0055,0.0000,-0.694,0.202
166,T1980,1200,1473.15,-8.05,8.91251E-09,0.4978,0.0136,0.0897,0.1033,0.0981,0.1645,0.0272,0.0057,0.0000,-0.835,0.146
167,T1980,1207,1480.15,-7.99,1.02329E-08,0.4355,0.0126,0.0815,0.0881,0.0886,0.2651,0.0242,0.0046,0.0000,-0.506,0.312
168,T1980,1211,1484.15,-7.94,1.14815E-08,0.4360,0.0136,0.0796,0.0894,0.0894,0.2636,0.0245,0.0040,0.0000,-0.595,0.254
169,T1980,1363,1636.15,-6.07,8.51138E-07,0.5145,0.0149,0.0929,0.1047,0.1068,0.1327,0.0281,0.0054,0.0000,-0.665,0.216
170,T1980,1363,1636.15,-6.07,8.51138E-07,0.5179,0.0141,0.0970,0.1048,0.1022,0.1350,0.0242,0.0049,0.0000,-0.706,0.197
171,T1980,1357,1630.15,-6.13,7.4131E-07,0.4400,0.0130,0.0803,0.0867,0.0935,0.2686,0.0159,0.0022,0.0000,-0.326,0.472
172,T1980,1359,1632.15,-6.11,7.76247E-07,0.4431,0.0125,0.0835,0.0849,0.0897,0.2732,0.0115,0.0015,0.0000,-0.646,0.226
173,T1980,1363,1636.15,-6.07,8.51138E-07,0.4400,0.0115,0.0801,0.0892,0.0858,0.2703,0.0189,0.0042,0.0000,-0.533,0.293
174,T1980,1205,1478.15,-8,0.00000001,0.5157,0.0175,0.1262,0.1189,0.1002,0.0873,0.0284,0.0059,0.0000,-0.690,0.204
175,T1980,1200,1473.15,-8.05,8.91251E-09,0.5180,0.0175,0.1222,0.1219,0.1022,0.0814,0.0296,0.0071,0.0000,-0.623,0.238
176,T1980,1200,1473.15,-8.05,8.91251E-09,0.5163,0.0192,0.1220,0.1224,0.1008,0.0826,0.0296,0.0071,0.0000,-1.009,0.098
177,KC1988_1991,1342,1615.15,-2.88,0.001318257,0.5399,0.0151,0.0858,0.1052,0.1065,0.1188,0.0273,0.0014,0.0000,0.122,1.323
178,KC1988_1991,1296,1569.15,-3.06,0.000870964,0.5366,0.0151,0.0860,0.1064,0.1072,0.1198,0.0275,0.0013,0.0000,0.194,1.563
179,KC1988_1991,1249,1522.15,-3.26,0.000549541,0.5342,0.0154,0.0856,0.1065,0.1095,0.1197,0.0278,0.0014,0.0000,0.303,2.009
180,KC1988_1991,1636,1909.15,-6.29,5.12861E-07,0.5544,0.0159,0.0889,0.1005,0.1071,0.1266,0.0057,0.0009,0.0000,-1.367,0.043
181,KC1988_1991,1548,1821.15,-5.4,3.98107E-06,0.5324,0.0151,0.0844,0.1287,0.1034,0.1197,0.0152,0.0010,0.0000,-0.822,0.151
182,KC1988_1991,1544,1817.15,-5.42,3.80189E-06,0.5505,0.0154,0.0866,0.1059,0.1050,0.1230,0.0126,0.0009,0.0000,-0.802,0.158
183,KC1988_1991,1632,1905.15,-4.74,1.8197E-05,0.5536,0.0154,0.0861,0.1052,0.1073,0.1227,0.0088,0.0009,0.0000,-0.807,0.156
184,KC1988_1991,1461,1734.15,-7.17,6.76083E-08,0.5414,0.0151,0.0871,0.0998,0.1089,0.1186,0.0234,0.0048,0.0009,-1.023,0.095
185,KC1988_1991,1461,1734.15,-7.17,6.76083E-08,0.4516,0.0489,0.0668,0.1201,0.1172,0.1782,0.0064,0.0105,0.0004,-0.827,0.149
186,KC1988_1991,1459,1732.15,-8.21,6.16595E-09,0.5514,0.0153,0.0880,0.0831,0.1099,0.1203,0.0242,0.0072,0.0006,-1.109,0.078
187,KC1988_1991,1459,1732.15,-8.21,6.16595E-09,0.5442,0.0154,0.0877,0.0941,0.1107,0.1186,0.0230,0.0056,0.0007,-1.154,0.070
188,KC1988_1991,1459,1732.15,-8.21,6.16595E-09,0.4572,0.0497,0.0671,0.1149,0.1179,0.1820,0.0073,0.0035,0.0005,-1.133,0.074
189,KC1988_1991,1459,1732.15,-9.21,6.16595E-10,0.5487,0.0155,0.0884,0.0823,0.1107,0.1217,0.0211,0.0110,0.0006,-1.227,0.059
190,KC1988_1991,1459,1732.15,-9.21,6.16595E-10,0.4601,0.0259,0.0937,0.0912,0.1027,0.2167,0.0066,0.0023,0.0010,-1.178,0.066
191,KC1988_1991,1459,1732.15,-6.15,7.07946E-07,0.6003,0.0059,0.1059,0.0518,0.0986,0.0824,0.0422,0.0121,0.0007,-0.818,0.152
192,KC1988_1991,1459,1732.15,-6.15,7.07946E-07,0.4453,0.0250,0.0917,0.1011,0.1017,0.2091,0.0149,0.0091,0.0019,-0.701,0.199
193,KC1988_1991,1459,1732.15,-6.15,7.07946E-07,0.4502,0.0478,0.0665,0.1166,0.1131,0.1785,0.0136,0.0128,0.0009,-0.602,0.250
194,KC1988_1991,1459,1732.15,-6.15,7.07946E-07,0.5397,0.0151,0.0868,0.0995,0.1087,0.1167,0.0283,0.0044,0.0007,-0.713,0.194
195,KC1988_1991,1459,1732.15,-6.15,7.07946E-07,0.5256,0.0226,0.0870,0.0925,0.1124,0.1227,0.0279,0.0081,0.0011,-0.806,0.156
196,KC1988_1991,1455,1728.15,-2.42,0.003801894,0.5213,0.0145,0.0854,0.1209,0.1047,0.1169,0.0304,0.0047,0.0013,-0.016,0.965
197,KC1988_1991,1455,1728.15,-2.42,0.003801894,0.5999,0.0059,0.1051,0.0560,0.1004,0.0826,0.0396,0.0097,0.0009,-0.159,0.693
198,KC1988_1991,1455,1728.15,-2.42,0.003801894,0.4269,0.0231,0.0907,0.1031,0.0948,0.2007,0.0385,0.0193,0.0027,0.270,1.861
199,KC1988_1991,1455,1728.15,-2.42,0.003801894,0.4306,0.0476,0.0642,0.1220,0.1114,0.1727,0.0240,0.0265,0.0010,0.203,1.597
200,KC1988_1991,1455,1728.15,-2.42,0.003801894,0.5233,0.0220,0.0866,0.0941,0.1095,0.1232,0.0292,0.0105,0.0017,-0.012,0.974
201,KC1988_1991,1362,1635.15,-7.93,1.1749E-08,0.5369,0.0154,0.0872,0.0937,0.1087,0.1185,0.0317,0.0063,0.0016,-0.990,0.102
202,KC1988_1991,1362,1635.15,-7.93,1.1749E-08,0.4356,0.0244,0.0885,0.0991,0.0984,0.2048,0.0262,0.0172,0.0058,-0.995,0.101
203,KC1988_1991,1362,1635.15,-7.93,1.1749E-08,0.4392,0.0491,0.0667,0.1132,0.1142,0.1768,0.0166,0.0213,0.0030,-1.019,0.096
204,KC1988_1991,1362,1635.15,-7.93,1.1749E-08,0.5326,0.0259,0.0868,0.1016,0.0998,0.1116,0.0312,0.0088,0.0017,-0.993,0.102
205,KC1988_1991,1361,1634.15,-9.97,1.07152E-10,0.4508,0.0244,0.0938,0.0969,0.0998,0.2137,0.0116,0.0067,0.0023,-1.153,0.070
206,KC1988_1991,1361,1634.15,-9.97,1.07152E-10,0.4553,0.0256,0.0914,0.0920,0.1022,0.2143,0.0110,0.0062,0.0021,-1.203,0.063
207,KC1988_1991,1361,1634.15,-2.74,0.001819701,0.5338,0.0153,0.0863,0.1049,0.1068,0.1183,0.0290,0.0036,0.0021,0.083,1.210
208,KC1988_1991,1361,1634.15,-2.74,0.001819701,0.6002,0.0059,0.1054,0.0575,0.0988,0.0832,0.0394,0.0084,0.0013,0.009,1.020
209,KC1988_1991,1361,1634.15,-2.74,0.001819701,0.4219,0.0236,0.0858,0.1034,0.0948,0.2001,0.0439,0.0224,0.0041,0.282,1.913
210,KC1988_1991,1361,1634.15,-2.74,0.001819701,0.5420,0.0259,0.0831,0.1000,0.1006,0.1134,0.0265,0.0062,0.0022,0.114,1.300
211,KC1988_1991,1364,1637.15,-5.86,1.38038E-06,0.5373,0.0154,0.0844,0.0989,0.1074,0.1201,0.0302,0.0047,0.0016,-0.726,0.188
212,KC1988_1991,1364,1637.15,-5.86,1.38038E-06,0.4300,0.0238,0.0869,0.0979,0.0984,0.2041,0.0332,0.0208,0.0050,-0.424,0.377
213,KC1988_1991,1364,1637.15,-5.86,1.38038E-06,0.4306,0.0474,0.0635,0.1154,0.1138,0.1750,0.0215,0.0302,0.0027,-0.484,0.328
214,KC1988_1991,1364,1637.15,-5.86,1.38038E-06,0.6040,0.0058,0.1052,0.0518,0.0986,0.0825,0.0414,0.0098,0.0010,-0.736,0.184
215,KC1988_1991,1364,1637.15,-5.86,1.38038E-06,0.5408,0.0259,0.0851,0.0956,0.0999,0.1096,0.0315,0.0094,0.0023,-0.653,0.222
216,KC1988_1991,1366,1639.15,-8.91,1.23027E-09,0.5461,0.0156,0.0893,0.0941,0.1079,0.1225,0.0175,0.0046,0.0025,-1.210,0.062
217,KC1988_1991,1366,1639.15,-8.91,1.23027E-09,0.4426,0.0486,0.0670,0.1304,0.1138,0.1797,0.0057,0.0098,0.0025,-1.169,0.068
218,KC1988_1991,1366,1639.15,-8.91,1.23027E-09,0.4525,0.0259,0.0915,0.1024,0.1017,0.2124,0.0049,0.0037,0.0050,-1.042,0.091
219,KC1988_1991,1366,1639.15,-8.91,1.23027E-09,0.5466,0.0263,0.0855,0.0978,0.1024,0.1123,0.0215,0.0056,0.0019,-1.311,0.049
220,KC1988_1991,1363,1636.15,-6.81,1.54882E-07,0.5408,0.0152,0.0849,0.1010,0.1086,0.1235,0.0238,0.0013,0.0007,-0.723,0.189
221,KC1988_1991,1363,1636.15,-6.81,1.54882E-07,0.5405,0.0154,0.0867,0.0976,0.1094,0.1251,0.0233,0.0011,0.0009,-0.733,0.185
222,KC1988_1991,1299,1572.15,-7.38,4.16869E-08,0.5339,0.0156,0.0864,0.0968,0.1113,0.1268,0.0267,0.0014,0.0011,-0.668,0.215
223,M1995,1218,1491.15,-7.36,4.36516E-08,0.5968,0.0147,0.0897,0.0536,0.0970,0.0745,0.0310,0.0428,0.0000,-0.624,0.238
224,M1995,1227,1500.15,-7.26,5.49541E-08,0.5930,0.0140,0.0907,0.0550,0.0944,0.0728,0.0328,0.0426,0.0047,-0.716,0.192
225,M1995,1289,1562.15,-6.60,2.51189E-07,0.6016,0.0140,0.0902,0.0538,0.0964,0.0729,0.0314,0.0369,0.0028,-0.651,0.223
226,M1995,1300,1573.15,-2.63,0.002344229,0.5891,0.0145,0.0937,0.0538,0.0965,0.0738,0.0330,0.0409,0.0046,-0.016,0.963
227,M1995,1400,1673.15,-2.51,0.003090295,0.6073,0.0140,0.0883,0.0513,0.0972,0.0726,0.0295,0.0370,0.0028,-0.274,0.532
228,M1995,1435,1708.15,-2.31,0.004897788,0.6073,0.0140,0.0883,0.0513,0.0972,0.0726,0.0295,0.0370,0.0028,-0.179,0.662
229,M1995,1200,1473.15,-3.00,0.001,0.6864,0.0056,0.1042,0.0355,0.0444,0.0569,0.0543,0.0127,0.0000,0.180,1.513
230,M1995,1242,1515.15,-0.68,0.208929613,0.5885,0.0141,0.0936,0.0549,0.0960,0.0753,0.0312,0.0418,0.0046,0.774,5.949
231,M1995,1242,1515.15,-0.68,0.208929613,0.5919,0.0139,0.0909,0.0536,0.0969,0.0740,0.0321,0.0414,0.0052,0.623,4.194
232,M1995,1215,1488.15,-0.68,0.208929613,0.5923,0.0140,0.0924,0.0546,0.0948,0.0740,0.0319,0.0415,0.0044,0.861,7.261
233,M1995,1242,1515.15,-0.68,0.208929613,0.5914,0.0141,0.0908,0.0544,0.0945,0.0734,0.0318,0.0432,0.0062,0.784,6.084
234,M1995,1242,1515.15,-0.68,0.208929613,0.5951,0.0140,0.0925,0.0542,0.0949,0.0745,0.0309,0.0404,0.0034,0.739,5.488
235,M1995,1340,1613.15,-0.68,0.208929613,0.5949,0.0136,0.0917,0.0534,0.0964,0.0734,0.0329,0.0374,0.0064,0.542,3.482
236,M1995,1500,1773.15,-0.68,0.208929613,0.6060,0.0152,0.0929,0.0508,0.1000,0.0734,0.0320,0.0294,0.0003,0.151,1.415
237,M1995,1550,1823.15,-0.68,0.208929613,0.6315,0.0144,0.0951,0.0506,0.1067,0.0822,0.0102,0.0091,0.0002,-0.147,0.712
238,M1995,1250,1523.15,-0.68,0.208929613,0.6847,0.0049,0.1053,0.0342,0.0403,0.0614,0.0584,0.0108,0.0000,0.496,3.130
239,M1995,1250,1523.15,-0.68,0.208929613,0.6847,0.0049,0.1053,0.0342,0.0403,0.0614,0.0584,0.0108,0.0000,0.496,3.130